[
    {
        "ip": "92.241.70.166",
        "comment": "Asya Software"
    },
    {
        "ip": "146.255.233.146",
        "comment": "Euphoria"
    },
    {
        "ip": "46.175.134.18",
        "comment": "Legend"
    },
    {
        "ip": "92.51.72.98",
        "comment": "Legend Business"
    },
    {
        "ip": "92.51.73.114",
        "comment": "Intourist"
    },
    {
        "ip": "92.51.70.34",
        "comment": "Skytower"
    },
    {
        "ip": "212.72.128.254",
        "comment": "Metro City"
    },
    {
        "ip": "212.58.114.66",
        "comment": "Stork IVF"
    },
    {
        "ip": "46.175.134.42",
        "comment": "Skytower"
    },
    {
        "ip": "146.255.233.146",
        "comment": "Playland Batumi"
    },
    {
        "ip": "94.43.177.58",
        "comment": "Turketidan.ge Batumi"
    },
    {
        "ip": "92.241.93.35",
        "comment": "Office"
    },
    {
        "ip": "37.232.90.194",
        "comment": "Turketidan.ge Tbilisi"
    },
    {
        "ip": "31.146.219.234",
        "comment": "Turketidan.ge Kutaisi"
    },
    {
        "ip": "127.0.0.1",
        "comment": "Playland Telavi"
    }
]
